Rndrng_Prvdr_Type,Provider_Count,Service_Records,Total_Beneficiaries,Total_Services,Avg_Services_Per_Record,Avg_Medicare_Payment,Avg_Submitted_Charge
Clinical Laboratory,1192,3321,4479447,13546324,4078.9894610057213,36.47146454789434,111.04433342645791
Hematology-Oncology,2839,4645,302716,7685787,1654.6365984930032,57.008220523057055,221.1459917062597
Diagnostic Radiology,18165,34067,2319804,6319038,185.48853729415563,46.37175229067607,306.0963338031461
Physical Therapist in Private Practice,10132,10922,519902,4255931,389.6659036806446,30.947872192474197,89.40356866441691
Rheumatology,1389,1941,140485,4253247,2191.2658423493044,46.61006758294492,158.12740792368592
Internal Medicine,20755,26193,1876898,3814319,145.6236017256519,67.03342612152106,215.00176388019864
Ambulance Service Provider,887,932,349934,3214865,3449.425965665236,308.5495783519086,1330.956431817447
Nurse Practitioner,22560,25430,1325620,3060004,120.3304758159654,53.284092418817075,202.91380818768118
Family Practice,19111,24261,1527873,2778922,114.54276410700301,55.16985845126729,161.3185857749467
Medical Oncology,954,1470,82957,2029752,1380.7836734693878,58.729239861325304,239.38920447189426
Physician Assistant,13654,15717,826259,1843648,117.30279315390978,56.41542625037366,335.1067376913524
Ophthalmology,5492,6833,860998,1664422,243.5858334552905,125.80166667919524,485.3778593977807
Cardiology,8097,11519,1076824,1621388,140.75770466186302,90.5189831282543,378.6100799814556
Infectious Disease,957,1077,79452,1554716,1443.5617455896008,86.35189325299675,281.2928821074094
Orthopedic Surgery,6301,7881,478659,1388165,176.1407181829717,155.87837346420238,882.9705527279086
Centralized Flu,1884,2087,480375,1342943,643.4801149976042,49.69936356685788,68.03645284321438
Independent Diagnostic Testing Facility (IDTF),577,975,127891,1341063,1375.4492307692308,123.25014461663876,985.8935492645941
Dermatology,4596,6181,649085,1328006,214.85293641805532,108.40498403237261,343.90603562678535
Mass Immunizer Roster Biller,5662,6303,666677,1263149,200.40441059812787,51.87536699007644,59.37494489005278
Urology,3537,4941,405324,1208923,244.67172637117991,109.20142200300792,507.5998073151008
Neurology,3265,3815,210424,1061881,278.34364351245085,100.35917590607583,401.2596479271219
Pathology,3463,4356,446707,870590,199.8599632690542,37.32524037611497,195.27526901661065
Physical Medicine and Rehabilitation,1995,2493,164892,810197,324.98876855194544,85.68216060354533,466.4705412177943
Podiatry,4355,5252,396747,797266,151.8023610053313,59.53795966502906,161.99667278465108
Nephrology,2413,2956,194793,665725,225.21143437077131,114.74435575605476,367.23211687487066
Emergency Medicine,6207,6828,560683,650345,95.24677797305213,93.12223619492846,673.3448696762728
Ambulatory Surgical Center,1412,1751,134356,647640,369.8686464877213,1098.8630293214349,6443.467324209567
Optometry,4760,5257,373637,553176,105.22655506943123,54.393766675761135,138.69528995103025
Chiropractic,1293,1301,62566,508815,391.09531129900074,25.278236656635666,56.99745546088931
Allergy/ Immunology,676,771,35023,471787,611.9156939040207,46.431970847455,136.59118238134292
Gastroenterology,4110,4976,273700,467891,94.02954180064309,106.31287588152965,627.506617067448
Anesthesiology,5686,6512,202604,447335,68.69394963144963,103.06427810005137,1239.9756537081357
Occupational Therapist in Private Practice,1136,1207,42065,438549,363.3380281690141,32.508333141587904,95.12369494126926
Pulmonary Disease,2981,3634,243768,412568,113.52999449642267,74.42021797440485,294.2401057306322
Endocrinology,1316,1620,151685,369779,228.25864197530865,58.22506458796506,197.93511629452257
Interventional Cardiology,1937,2870,218364,347999,121.25400696864112,122.66374401555204,572.4380620460965
Hospitalist,2941,3243,207070,345628,106.57662658032686,89.98204089100898,338.47285487385244
Radiation Oncology,1813,2382,101869,334000,140.21830394626363,151.98048433782841,769.4039362037297
Otolaryngology,2195,2645,185272,317595,120.07372400756144,101.33041555932007,408.4574983263654
Psychiatry,1745,1834,80982,266961,145.56215921483098,79.19264496769449,235.96240996032498
Pain Management,917,1238,73800,260922,210.76090468497577,112.27290287519483,764.567052808151
Clinical Cardiac Electrophysiology,1328,2075,161118,260860,125.71566265060241,132.12003220955677,605.1816515631826
General Surgery,3366,3834,131783,234109,61.06129368805425,144.63242699816865,707.8088442649679
Sports Medicine,450,557,30514,202694,363.90305206463194,83.94988342066033,460.0139587992889
Interventional Radiology,981,1622,79760,199702,123.12083847102343,101.46147030883476,678.7453946379288
Interventional Pain Management,618,838,57350,179551,214.26133651551314,119.06080150694797,803.7620060613076
Hematology,161,226,10594,178971,791.9070796460177,70.05229886487079,285.940038405415
"Psychologist, Clinical",939,985,48652,176447,179.13401015228428,81.42152512070528,214.0719909508599
Vascular Surgery,1375,1862,94190,169790,91.18689581095596,181.10203044193398,838.5704027311252
Pharmacy,434,476,53562,166756,350.327731092437,46.9174781303729,72.98779336851534
Gynecological Oncology,199,247,7435,160180,648.502024291498,125.22602012853967,614.4627712288542
Obstetrics & Gynecology,2186,2433,101604,157491,64.73119605425401,70.49489807109774,252.46464359397737
General Practice,628,779,52810,146603,188.19383825417202,76.03278485014262,214.52413686587624
Licensed Clinical Social Worker,789,809,22765,143285,177.11372064276884,68.77149100235735,187.89129480788876
Certified Registered Nurse Anesthetist (CRNA),3291,3467,109465,120897,34.87078165561004,105.11942404248171,1221.8333167858657
Portable X-Ray Supplier,138,228,62248,105394,462.2543859649123,25.322486845511843,73.10221659941315
Micrographic Dermatologic Surgery,180,263,22857,100590,382.47148288973386,194.59082314434335,687.0952871702893
Geriatric Medicine,457,543,42004,84327,155.29834254143645,75.49545386903444,243.78919591310535
Hand Surgery,588,749,45730,75638,100.9853137516689,100.33666964598584,511.3211656689566
Critical Care (Intensivists),719,822,41144,64918,78.97566909975669,93.93561700288966,434.93577054697806
Audiologist,609,637,57739,60218,94.5337519623234,25.35841572294003,100.7109869444741
Neurosurgery,985,1175,40044,58953,50.172765957446806,253.98518849612594,1635.5312590792469
Plastic and Reconstructive Surgery,475,552,19947,49809,90.2336956521739,146.21795308452755,734.3680206190727
Pediatric Medicine,209,256,12992,41889,163.62890625,63.87666482451797,235.5884343031953
Speech Language Pathologist,164,174,4713,39156,225.0344827586207,75.9710780998046,212.0130416331092
Opioid Treatment Program,57,58,1807,37632,648.8275862068965,145.1905734858793,166.0204440588793
Hematopoietic Cell Transplantation and Cellular Therapy,27,37,1909,30432,822.4864864864865,68.90049089403784,327.3042972356838
Nuclear Medicine,178,232,19532,27095,116.78879310344827,131.82401492136208,557.7930681883104
Undersea and Hyperbaric Medicine,26,31,1525,22955,740.483870967742,87.09256065182258,259.4827402131258
Advanced Heart Failure and Transplant Cardiology,224,280,14870,21844,78.01428571428572,81.20233781163465,341.65540846479286
Certified Clinical Nurse Specialist,166,172,9695,21490,124.94186046511628,65.47010737378488,273.6569879256163
Undefined Physician type,50,70,3374,21056,300.8,135.60662796503857,531.3858380537714
Surgical Oncology,199,224,8173,20699,92.40625,166.53451691492455,1085.8498823650536
Thoracic Surgery,422,466,14481,17893,38.396995708154506,297.57931348667836,1663.97184590594
Colorectal Surgery (Proctology),313,363,12294,15891,43.77685950413223,117.44151032159918,518.8873393372994
Cardiac Surgery,236,272,11820,15381,56.54779411764706,374.79557921675035,1969.34914695157
Hospice and Palliative Care,226,250,9834,14340,57.36,92.0941852966632,333.9607582951
Sleep Medicine,132,152,10114,13172,86.65789473684211,96.58310478526646,453.21879056580264
Osteopathic Manipulative Medicine,105,120,5301,10742,89.51666666666667,78.50230788889166,296.61853710099996
Registered Dietitian or Nutrition Professional,92,94,2537,9445,100.47872340425532,29.901317550895744,84.50326401497873
Public Health or Welfare Agency,40,40,8024,9048,226.2,36.555074627075,39.90446498075
Oral Surgery (Dentist only),78,92,4471,5916,64.30434782608695,193.64964544364565,560.0139843033696
Radiation Therapy Center,11,14,742,5699,407.07142857142856,277.73962363285716,1624.7268544285714
Preventive Medicine,34,44,2492,4480,101.81818181818181,54.84703374433409,168.30276653720455
All Other Suppliers,11,12,3397,4283,356.9166666666667,823.0197003148751,1393.0048903545
Anesthesiology Assistant,174,181,3608,3655,20.193370165745858,84.03283518047515,1062.6669738328012
Maxillofacial Surgery,45,49,1677,2055,41.93877551020408,79.98922683129592,291.02498833361227
Clinic or Group Practice,8,8,1310,1963,245.375,53.5836695352125,86.65149692874999
Neuropsychiatry,15,23,1016,1902,82.69565217391305,112.6928202839348,407.52336797882606
Addiction Medicine,18,19,643,1676,88.21052631578948,79.44536900178947,218.28562523789472
Geriatric Psychiatry,16,19,517,1394,73.36842105263158,70.05385744668948,181.76052631578946
Certified Nurse Midwife,24,25,906,1109,44.36,51.412140745096,117.81608540124
Dentist,18,18,878,1096,60.888888888888886,121.7706980917389,375.8123692561667
Peripheral Vascular Disease,18,25,786,977,39.08,154.22010000436,459.1682698264
Intensive Cardiac Rehabilitation,1,1,28,515,515.0,84.577087379,250.0
Adult Congenital Heart Disease,14,15,382,417,27.8,73.59382292517999,281.53281585711335
Medical Toxicology,7,7,411,417,59.57142857142857,154.19690800314285,617.2553191485714
Medical Genetics and Genomics,3,3,50,69,23.0,43.04153846166667,214.66666666666666
Medicare Diabetes Preventive Program,1,1,13,13,13.0,92.07,93.0
